<?xml version="1.0" encoding="UTF-8"?>
<project-private xmlns="http://www.netbeans.org/ns/project-private/1">
    <editor-bookmarks xmlns="http://www.netbeans.org/ns/editor-bookmarks/2" lastBookmarkId="0"/>
    <open-files xmlns="http://www.netbeans.org/ns/projectui-open-files/2">
        <group>
            <file>file:/C:/Users/Joie/Documents/NetBeansProjects/JoieBookstore_/src/java/joiebookstore/SearchBean.java</file>
            <file>file:/C:/Users/Joie/Documents/NetBeansProjects/JoieBookstore_/src/java/joiebookstore/CheckoutBean.java</file>
            <file>file:/C:/Users/Joie/Documents/NetBeansProjects/JoieBookstore_/web/index.xhtml</file>
            <file>file:/C:/Users/Joie/Documents/NetBeansProjects/JoieBookstore_/web/cart.xhtml</file>
            <file>file:/C:/Users/Joie/Documents/NetBeansProjects/JoieBookstore_/src/java/joiebookstore/CartBean.java</file>
            <file>file:/C:/Users/Joie/Documents/NetBeansProjects/JoieBookstore_/web/checkout.xhtml</file>
        </group>
    </open-files>
</project-private>
